variable,count,mean,std,min,25%,50%,75%,max,original
dummy1,1000.0,-0.000430768801313739,0.01036286370665383,-0.0343992971334587,-0.00752158243271235,-0.00036960848377804996,0.006628869413551875,0.0344918904563904,0.0003897599754054
dummy2,1000.0,-0.0006869496615233434,0.009997279384726986,-0.0382162411940782,-0.00750526192163685,-0.0004651605330074,0.00603923551796385,0.0321312047113462,-0.0089244060113502
x1,1000.0,0.07644289496697268,2.9345803802172763,-10.863083790583977,-1.795062481314554,0.07105176916594444,1.9291655883667282,28.20403326844557,28.20403326844557
x2,1000.0,-0.08767793820281233,7.894077498714731,-20.78853387126676,-5.1837860905036015,-0.0989883774717733,4.940281274779607,75.04912386380548,75.04912386380548
x3,1000.0,0.07875808228880425,1.9080898169179197,-5.06637138860021,-1.1673237285318043,0.07705033044953775,1.3070659151346855,17.754753492580548,17.754753492580548
